rank,name,forward,reverse,composite_score,binding_universality,thermodynamic_quality,species_resolution,off_target_specificity,amplicon_suitability
1,ORIG_F01_R10,CCATRACCTATGGCATGAAAAACCA,WAGTGATCCGAARTTTCATCAGGC,0.7693,0.8182,1.0,1.0,0.1656,0.8778
2,ORIG_F01_R14,CCATRACCTATGGCATGAAAAACCA,GTGATCCGAARTTTCATCAGGCA,0.7499,0.8182,1.0,1.0,0.0727,0.8719
3,ORIG_F01_R02,CCATRACCTATGGCATGAAAAACCA,GCTAAGAATARGCCTGTRAGGATTTG,0.7352,0.7273,0.9286,1.0,0.1948,0.8581
4,ORIG_F01_R11,CCATRACCTATGGCATGAAAAACCA,CTCGRCAGATGTGGGCTAC,0.7163,0.8182,1.0,1.0,0.2069,0.4693
5,ORIG_F01_R12,CCATRACCTATGGCATGAAAAACCA,CGRCAGATGTGGGCTACTGA,0.7148,0.8182,1.0,1.0,0.1861,0.4869
6,ORIG_F01_R04,CCATRACCTATGGCATGAAAAACCA,CGRCAGATGTGGGCTACTG,0.7139,0.8182,1.0,1.0,0.1861,0.481
7,ORIG_F01_R06,CCATRACCTATGGCATGAAAAACCA,TTWACGTCTCGRCAGATGTGG,0.7129,0.8182,1.0,1.0,0.2121,0.4399
8,ORIG_F01_R13,CCATRACCTATGGCATGAAAAACCA,GRCAGATGTGGGCTACTGATGA,0.7117,0.8182,1.0,1.0,0.1574,0.5046
9,ORIG_F01_R08,CCATRACCTATGGCATGAAAAACCA,RCAGATGTGGGCTACTGATGAG,0.7109,0.8182,1.0,1.0,0.149,0.5105
10,ORIG_F01_R05,CCATRACCTATGGCATGAAAAACCA,GRCAGATGTGGGCTACTGATG,0.7106,0.8182,1.0,1.0,0.1563,0.4987
11,ORIG_F01_R01,CCATRACCTATGGCATGAAAAACCA,CGRCAGATGTGGGCTACTGAT,0.7097,0.8182,1.0,1.0,0.1563,0.4928
12,ORIG_F01_R09,CCATRACCTATGGCATGAAAAACCA,GTCTCGRCAGATGTGGGC,0.7033,0.8182,0.9286,1.0,0.2263,0.4516
13,ORIG_F01_R07,CCATRACCTATGGCATGAAAAACCA,ATTWACGTCTCGRCAGATGTGG,0.7018,0.8182,1.0,1.0,0.1565,0.4399
14,ORIG_F01_R03,CCATRACCTATGGCATGAAAAACCA,GTAATTWACGTCTCGRCAGATGTG,0.6987,0.8182,1.0,1.0,0.1455,0.434
15,ORIG_F04_R26,YTACGATCAATCCCMAACAAACTAGG,GGATRAGTAGGTTAGCTGTGAGGATT,0.6048,0.6364,0.9286,0.5,0.1381,0.8824
16,ORIG_F04_R30,YTACGATCAATCCCMAACAAACTAGG,AGGATRAGTAGGTTAGCTGTGAGG,0.6038,0.6364,0.9286,0.5,0.1199,0.9
17,ORIG_F04_R31,YTACGATCAATCCCMAACAAACTAGG,GGATRAGTAGGTTAGCTGTGAGGA,0.6029,0.6364,0.9286,0.5,0.1199,0.8941
18,ORIG_F02_R07,TGWTCAATCTMCGCAAAACCCA,ATTWACGTCTCGRCAGATGTGG,0.6027,0.7273,1.0,0.5,0.0573,0.7294
19,ORIG_F02_R02,TGWTCAATCTMCGCAAAACCCA,GCTAAGAATARGCCTGTRAGGATTTG,0.586,0.6364,0.9286,0.5,0.066,0.8529
20,ORIG_F03_R02,TGWTCAATCTMCGCAAAACCCAC,GCTAAGAATARGCCTGTRAGGATTTG,0.5847,0.6364,0.9286,0.5,0.0642,0.8471
21,ORIG_F03_R16,TGWTCAATCTMCGCAAAACCCAC,GCGTGRAGGTTGCGGAT,0.5746,0.7273,1.0,0.5,0.0624,0.5353
22,ORIG_F02_R16,TGWTCAATCTMCGCAAAACCCA,GCGTGRAGGTTGCGGAT,0.5742,0.7273,1.0,0.5,0.0648,0.5294
23,ORIG_F03_R18,TGWTCAATCTMCGCAAAACCCAC,GCGTGRAGGTTGCGGATT,0.5734,0.7273,1.0,0.5,0.0518,0.5412
24,ORIG_F03_R21,TGWTCAATCTMCGCAAAACCCAC,TRGCGTGRAGGTTGCGGA,0.5734,0.7273,1.0,0.5,0.0606,0.5294
25,ORIG_F02_R18,TGWTCAATCTMCGCAAAACCCA,GCGTGRAGGTTGCGGATT,0.573,0.7273,1.0,0.5,0.0545,0.5353
26,ORIG_F03_R17,TGWTCAATCTMCGCAAAACCCAC,TRGCGTGRAGGTTGCGG,0.5725,0.7273,1.0,0.5,0.0606,0.5235
27,ORIG_F02_R17,TGWTCAATCTMCGCAAAACCCA,TRGCGTGRAGGTTGCGG,0.5722,0.7273,1.0,0.5,0.0636,0.5176
28,ORIG_F04_R32,YTACGATCAATCCCMAACAAACTAGG,AGATWGARGCTACTTGTCCGATGAT,0.5635,0.6364,0.9286,0.5,0.0507,0.7235
29,ORIG_F04_R34,YTACGATCAATCCCMAACAAACTAGG,AGATWGARGCTACTTGTCCGATGA,0.5626,0.6364,0.9286,0.5,0.0506,0.7176
30,ORIG_F04_R28,YTACGATCAATCCCMAACAAACTAGG,TGAGATWGARGCTACTTGTCCGATG,0.5621,0.6364,0.9286,0.5,0.0525,0.7118
31,ORIG_F04_R27,YTACGATCAATCCCMAACAAACTAGG,TGAGATWGARGCTACTTGTCCGAT,0.5609,0.6364,0.9286,0.5,0.0512,0.7059
32,ORIG_F03_R15,TGWTCAATCTMCGCAAAACCCAC,GRAGGTTGCGGATTAATCAGCC,0.5558,0.6364,1.0,0.5,0.0425,0.5882
33,ORIG_F02_R15,TGWTCAATCTMCGCAAAACCCA,GRAGGTTGCGGATTAATCAGCC,0.5554,0.6364,1.0,0.5,0.0448,0.5824
34,ORIG_F04_R29,YTACGATCAATCCCMAACAAACTAGG,AGATWGARGCTACTTGTCCGATGATA,0.553,0.6364,0.8571,0.5,0.0653,0.7294
35,ORIG_F03_R20,TGWTCAATCTMCGCAAAACCCAC,GCGTGRAGGTTGCGGATTAAT,0.5506,0.6364,1.0,0.5,0.0385,0.5588
36,ORIG_F02_R20,TGWTCAATCTMCGCAAAACCCA,GCGTGRAGGTTGCGGATTAAT,0.5501,0.6364,1.0,0.5,0.0403,0.5529
37,ORIG_F03_R19,TGWTCAATCTMCGCAAAACCCAC,GCGTGRAGGTTGCGGATTAA,0.5498,0.6364,1.0,0.5,0.0389,0.5529
38,ORIG_F02_R19,TGWTCAATCTMCGCAAAACCCA,GCGTGRAGGTTGCGGATTAA,0.5493,0.6364,1.0,0.5,0.0408,0.5471
39,ORIG_F01_R15,CCATRACCTATGGCATGAAAAACCA,GRAGGTTGCGGATTAATCAGCC,0.5197,0.6364,1.0,0.5,0.0824,0.2941
40,ORIG_F02_R10,TGWTCAATCTMCGCAAAACCCA,WAGTGATCCGAARTTTCATCAGGC,0.4,0.0,1.0,0.5,0.5,0.0
41,ORIG_F02_R14,TGWTCAATCTMCGCAAAACCCA,GTGATCCGAARTTTCATCAGGCA,0.4,0.0,1.0,0.5,0.5,0.0
42,ORIG_F03_R10,TGWTCAATCTMCGCAAAACCCAC,WAGTGATCCGAARTTTCATCAGGC,0.4,0.0,1.0,0.5,0.5,0.0
43,ORIG_F03_R14,TGWTCAATCTMCGCAAAACCCAC,GTGATCCGAARTTTCATCAGGCA,0.4,0.0,1.0,0.5,0.5,0.0
44,ORIG_F04_R22,YTACGATCAATCCCMAACAAACTAGG,GGTTGGATGTRTGTAGSAGTGGTAT,0.3857,0.0,0.9286,0.5,0.5,0.0
45,ORIG_F04_R23,YTACGATCAATCCCMAACAAACTAGG,GTTGGATGTRTGTAGSAGTGGTATG,0.3857,0.0,0.9286,0.5,0.5,0.0
46,ORIG_F04_R24,YTACGATCAATCCCMAACAAACTAGG,GTGTTTGGGARATTGGGCGA,0.3857,0.0,0.9286,0.5,0.5,0.0
47,ORIG_F04_R33,YTACGATCAATCCCMAACAAACTAGG,TGTTTGGGARATTGGGCGAAAT,0.3857,0.0,0.9286,0.5,0.5,0.0
48,ORIG_F04_R35,YTACGATCAATCCCMAACAAACTAGG,AGTGTTTGGGARATTGGGCG,0.3857,0.0,0.9286,0.5,0.5,0.0
49,ORIG_F04_R25,YTACGATCAATCCCMAACAAACTAGG,TGTTTGGGARATTGGGCGAAATAT,0.3714,0.0,0.8571,0.5,0.5,0.0
