name,forward,reverse,tm_fwd,tm_rev,delta_tm,hairpin_dg_fwd,hairpin_dg_rev,homodimer_dg_fwd,homodimer_dg_rev,heterodimer_dg,gc_fwd,gc_rev,gc_clamp_fwd,gc_clamp_rev,homopolymer_fwd,homopolymer_rev,flags,status
DECIPHER_020,ACKATAGCTAAGAMACAAACTGGGAT,RTGGGYTTAGGGCACCGC,60.6,62.5,1.9,-0.19,-1.32,-4.28,-3.79,-4.22,34.6,61.1,3,4,3,3,gc_fwd_out_of_range;gc_rev_out_of_range;gc_clamp_rev,FLAG
DECIPHER_021,ACKATAGCTAAGAMACAAACTGGGAT,GGYTTAGGGCACCGCCAA,60.6,62.7,2.2,-0.19,-1.32,-4.28,-4.87,-4.22,34.6,61.1,3,3,3,3,gc_fwd_out_of_range;gc_rev_out_of_range,FLAG
DECIPHER_022,ACKATAGCTAAGAMACAAACTGGGAT,GGCACCGCCAAGTCCTT,60.6,59.9,0.7,-0.19,-0.93,-4.28,-3.83,-3.17,34.6,64.7,3,2,3,2,gc_fwd_out_of_range;gc_rev_out_of_range,FLAG
DECIPHER_023,ACKATAGCTAAGAMACAAACTGGGAT,CGGGGTTTATCGATTATAGAACAGGC,60.6,61.6,1.0,-0.19,0.0,-4.28,-5.46,-3.79,34.6,46.2,3,4,3,4,gc_fwd_out_of_range;gc_clamp_rev,FLAG
DECIPHER_024,ACKATAGCTAAGAMACAAACTGGGAT,GRTGGGYTTAGGGCACCG,60.6,60.2,0.4,-0.19,-1.32,-4.28,-3.79,-4.22,34.6,61.1,3,4,3,3,gc_fwd_out_of_range;gc_rev_out_of_range;gc_clamp_rev,FLAG
DECIPHER_025,ACKATAGCTAAGAMACAAACTGGGAT,ACCGCCAAGTCCTTTGAGTTTTAAG,60.6,61.9,1.4,-0.19,-0.15,-4.28,-1.5,-3.23,34.6,44.0,3,1,3,4,gc_fwd_out_of_range,FLAG
DECIPHER_026,ACKATAGCTAAGAMACAAACTGGGAT,YTTAGGGCACCGCCAAGTC,60.6,60.7,0.2,-0.19,-1.32,-4.28,-4.87,-3.46,34.6,57.9,3,2,3,3,gc_fwd_out_of_range,FLAG
DECIPHER_027,ACKATAGCTAAGAMACAAACTGGGAT,ACCGCCAAGTCCTTTGAGTTTTA,60.6,60.7,0.1,-0.19,-0.15,-4.28,-1.5,-3.23,34.6,43.5,3,0,3,4,gc_fwd_out_of_range;gc_clamp_rev,FLAG
DECIPHER_028,ACKATAGCTAAGAMACAAACTGGGAT,TCCTCTAGRTGGGYTTAGGGCAC,60.6,63.2,2.6,-0.19,-0.63,-4.28,-3.79,-4.22,34.6,52.2,3,4,3,3,gc_fwd_out_of_range;gc_clamp_rev,FLAG
DECIPHER_029,ACKATAGCTAAGAMACAAACTGGGAT,GYTTAGGGCACCGCCAAG,60.6,61.1,0.6,-0.19,-1.32,-4.28,-4.87,-4.22,34.6,61.1,3,3,3,3,gc_fwd_out_of_range;gc_rev_out_of_range,FLAG
DECIPHER_031,ACKATAGCTAAGAMACAAACTGGGAT,ACCGCCAAGTCCTTTGAGTTTTAA,60.6,61.2,0.6,-0.19,-0.15,-4.28,-1.5,-3.23,34.6,41.7,3,0,3,4,gc_fwd_out_of_range;gc_clamp_rev,FLAG
DECIPHER_032,ACKATAGCTAAGAMACAAACTGGGAT,GGYTTAGGGCACCGCCA,60.6,62.2,1.6,-0.19,-1.32,-4.28,-4.87,-4.22,34.6,64.7,3,4,3,3,gc_fwd_out_of_range;gc_rev_out_of_range;gc_clamp_rev,FLAG
DECIPHER_033,ACKATAGCTAAGAMACAAACTGGGAT,CCGCCAAGTCCTTTGAGTTTTAAGC,60.6,63.0,2.4,-0.19,-0.15,-4.28,-1.54,-3.23,34.6,48.0,3,2,3,4,gc_fwd_out_of_range,FLAG
DECIPHER_035,ACKATAGCTAAGAMACAAACTGGGAT,GGCACCGCCAAGTCCTTTG,60.6,61.9,1.3,-0.19,-0.93,-4.28,-3.83,-3.17,34.6,63.2,3,2,3,3,gc_fwd_out_of_range;gc_rev_out_of_range,FLAG
DECIPHER_036,ACKATAGCTAAGAMACAAACTGGGAT,YTTAGGGCACCGCCAAGTC,60.6,60.7,0.2,-0.19,-1.32,-4.28,-4.87,-3.46,34.6,57.9,3,2,3,3,gc_fwd_out_of_range,FLAG
DECIPHER_037,ACKATAGCTAAGAMACAAACTGGGAT,CTCCTCTAGRTGGGYTTAGGGCA,60.6,62.9,2.4,-0.19,-0.45,-4.28,-3.79,-4.22,34.6,52.2,3,4,3,3,gc_fwd_out_of_range;gc_clamp_rev,FLAG
DECIPHER_039,ACKATAGCTAAGAMACAAACTGGGAT,GYTTAGGGCACCGCCAAGT,60.6,62.9,2.3,-0.19,-1.32,-4.28,-4.87,-4.22,34.6,57.9,3,2,3,3,gc_fwd_out_of_range,FLAG
DECIPHER_040,ACKATAGCTAAGAMACAAACTGGGAT,GCACCGCCAAGTCCTTTGAG,60.6,61.9,1.3,-0.19,-0.15,-4.28,-1.5,-3.23,34.6,60.0,3,2,3,3,gc_fwd_out_of_range,FLAG
DECIPHER_041,ACKATAGCTAAGAMACAAACTGGGAT,GCACCGCCAAGTCCTTTGA,60.6,60.9,0.3,-0.19,-0.15,-4.28,-1.5,-3.23,34.6,57.9,3,1,3,3,gc_fwd_out_of_range,FLAG
DECIPHER_042,TTGCWYAACCACACCCCCAC,ACRCTTTACGCCGKTTTTCTGTT,63.5,61.5,2.0,0.0,0.0,-3.19,-5.42,-3.07,55.0,39.1,4,2,5,4,gc_rev_out_of_range;gc_clamp_fwd;homopolymer_fwd,FLAG
DECIPHER_043,TTGCWYAACCACACCCCCAC,GCTGGCACGAAATTTACCAACC,63.5,60.9,2.6,0.0,0.0,-3.19,-3.76,-2.93,55.0,50.0,4,3,5,3,gc_clamp_fwd;homopolymer_fwd,FLAG
DECIPHER_044,TTGCWYAACCACACCCCCAC,ACACRCTTTACGCCGKTTTTCTGT,63.5,63.5,0.0,0.0,0.0,-3.19,-5.42,-3.07,55.0,41.7,4,2,5,4,gc_clamp_fwd;homopolymer_fwd,FLAG
DECIPHER_045,TTGCWYAACCACACCCCCAC,CGGTGGCTGGCACGAAAT,63.5,61.1,2.4,0.0,0.0,-3.19,-8.0,-4.37,55.0,61.1,4,1,5,3,gc_rev_out_of_range;gc_clamp_fwd;homopolymer_fwd,FLAG
DECIPHER_046,TTGCWYAACCACACCCCCAC,GCTGGCACGAAATTTACCAACCC,63.5,63.0,0.5,0.0,0.0,-3.19,-3.76,-2.93,55.0,52.2,4,3,5,3,gc_clamp_fwd;homopolymer_fwd,FLAG
DECIPHER_047,TTGCWYAACCACACCCCCAC,CGGTGGCTGGCACGAAATTTA,63.5,61.8,1.7,0.0,0.0,-3.19,-8.0,-4.37,55.0,52.4,4,0,5,3,gc_clamp_fwd;gc_clamp_rev;homopolymer_fwd,FLAG
DECIPHER_048,TTGCWYAACCACACCCCCAC,CTGGCACGAAATTTACCAACCCT,63.5,61.6,1.9,0.0,0.0,-3.19,-3.76,-2.93,55.0,47.8,4,3,5,3,gc_clamp_fwd;homopolymer_fwd,FLAG
DECIPHER_050,TTGCWYAACCACACCCCCAC,GGTTAATCGTATGRCCGCGGTG,63.5,61.7,1.8,0.0,0.0,-3.19,-11.76,-3.76,55.0,54.5,4,4,5,2,homodimer_rev;gc_clamp_fwd;gc_clamp_rev;homopolymer_fwd,FLAG
DECIPHER_051,TTGCWYAACCACACCCCCAC,CGGTGGCTGGCACGAAATT,63.5,61.6,1.9,0.0,0.0,-3.19,-8.0,-4.37,55.0,57.9,4,0,5,3,gc_clamp_fwd;gc_clamp_rev;homopolymer_fwd,FLAG
DECIPHER_052,TTGCWYAACCACACCCCCAC,ACRCTTTACGCCGKTTTTCTGT,63.5,61.0,2.5,0.0,0.0,-3.19,-5.42,-3.07,55.0,40.9,4,2,5,4,gc_clamp_fwd;homopolymer_fwd,FLAG
DECIPHER_053,TTGCWYAACCACACCCCCAC,ACACRCTTTACGCCGKTTTTCTGTT,63.5,63.8,0.3,0.0,0.0,-3.19,-5.42,-3.07,55.0,40.0,4,2,5,4,gc_clamp_fwd;homopolymer_fwd,FLAG
DECIPHER_054,TTGCWYAACCACACCCCCAC,ACRCTTTACGCCGKTTTTCTGTT,63.5,61.5,2.0,0.0,0.0,-3.19,-5.42,-3.07,55.0,39.1,4,2,5,4,gc_rev_out_of_range;gc_clamp_fwd;homopolymer_fwd,FLAG
DECIPHER_055,TTGCWYAACCACACCCCCAC,TGGCTGGCACGAAATTTACCA,63.5,60.8,2.7,0.0,0.0,-3.19,-4.4,-2.93,55.0,47.6,4,2,5,3,gc_clamp_fwd;homopolymer_fwd,FLAG
DECIPHER_056,TTGCWYAACCACACCCCCAC,GGTGGCTGGCACGAAATTTACC,63.5,62.6,0.9,0.0,0.0,-3.19,-8.0,-4.37,55.0,54.5,4,2,5,3,gc_clamp_fwd;homopolymer_fwd,FLAG
DECIPHER_057,TTGCWYAACCACACCCCCAC,ACRCTTTACGCCGKTTTTCTGT,63.5,61.0,2.5,0.0,0.0,-3.19,-5.42,-3.07,55.0,40.9,4,2,5,4,gc_clamp_fwd;homopolymer_fwd,FLAG
DECIPHER_058,YWAGAGCCCATATCGACAATTAGGG,TTTCTCCGGTCTGAACTCAGATCA,61.3,61.3,0.0,0.28,-1.36,-3.33,-5.52,-1.84,44.0,45.8,3,2,3,3,,PASS
DECIPHER_059,YWAGAGCCCATATCGACAATTAGGG,TGAACAAACGAACCATTAATAGCGGT,61.3,61.7,0.4,0.28,0.2,-3.33,-3.36,-3.63,44.0,38.5,3,4,3,3,gc_rev_out_of_range;gc_clamp_rev,FLAG
DECIPHER_060,YWAGAGCCCATATCGACAATTAGGG,ACCTGGATTTCTCCGGTCTGAAC,61.3,62.2,0.9,0.28,-0.74,-3.33,-5.15,-3.28,44.0,52.2,3,2,3,3,,PASS
DECIPHER_061,YWAGAGCCCATATCGACAATTAGGG,AGATAGAAACCGACCTGGATTTCTCC,61.3,62.1,0.8,0.28,-0.46,-3.33,-3.67,-3.9,44.0,46.2,3,3,3,3,,PASS
DECIPHER_062,YWAGAGCCCATATCGACAATTAGGG,TGGATTTCTCCGGTCTGAACTCA,61.3,61.3,0.0,0.28,-0.59,-3.33,-3.31,-1.84,44.0,47.8,3,2,3,3,,PASS
DECIPHER_063,YWAGAGCCCATATCGACAATTAGGG,CGACCTGGATTTCTCCGGTCT,61.3,61.6,0.3,0.28,-2.13,-3.33,-4.76,-3.41,44.0,57.1,3,3,3,3,,PASS
DECIPHER_064,YWAGAGCCCATATCGACAATTAGGG,CGACCTGGATTTCTCCGGTCTG,61.3,62.7,1.4,0.28,-2.13,-3.33,-4.76,-3.41,44.0,59.1,3,3,3,3,,PASS
DECIPHER_065,YWAGAGCCCATATCGACAATTAGGG,GAAACCGACCTGGATTTCTCCG,61.3,61.3,0.1,0.28,-0.59,-3.33,-5.04,-3.9,44.0,54.5,3,4,3,3,gc_clamp_rev,FLAG
DECIPHER_066,YWAGAGCCCATATCGACAATTAGGG,GGATTTCTCCGGTCTGAACTCAGA,61.3,61.9,0.6,0.28,-1.1,-3.33,-3.31,-1.84,44.0,50.0,3,2,3,3,,PASS
DECIPHER_067,YWAGAGCCCATATCGACAATTAGGG,ACCTGGATTTCTCCGGTCTGA,61.3,60.6,0.8,0.28,-0.74,-3.33,-5.15,-3.28,44.0,52.4,3,2,3,3,,PASS
DECIPHER_068,YWAGAGCCCATATCGACAATTAGGG,GGATTTCTCCGGTCTGAACTCAGAT,61.3,62.1,0.8,0.28,-1.47,-3.33,-5.1,-1.84,44.0,48.0,3,2,3,3,,PASS
DECIPHER_069,YWAGAGCCCATATCGACAATTAGGG,TCCGGTCTGAACTCAGATCACG,61.3,61.8,0.5,0.28,-1.36,-3.33,-5.52,-1.84,44.0,54.5,3,3,3,2,,PASS
DECIPHER_070,YWAGAGCCCATATCGACAATTAGGG,CCTGGATTTCTCCGGTCTGAACTC,61.3,62.7,1.4,0.28,-0.74,-3.33,-5.15,-2.42,44.0,54.2,3,2,3,3,,PASS
DECIPHER_071,YWAGAGCCCATATCGACAATTAGGG,ACCTGGATTTCTCCGGTCTGAA,61.3,61.1,0.2,0.28,-0.74,-3.33,-5.15,-3.28,44.0,50.0,3,2,3,3,,PASS
DECIPHER_072,YWAGAGCCCATATCGACAATTAGGG,GGATTTCTCCGGTCTGAACTCAGATC,61.3,62.8,1.5,0.28,-1.47,-3.33,-5.1,-1.84,44.0,50.0,3,2,3,3,,PASS
DECIPHER_073,YWAGAGCCCATATCGACAATTAGGG,TCTCCGGTCTGAACTCAGATCAC,61.3,61.4,0.1,0.28,-1.36,-3.33,-5.52,-1.84,44.0,52.2,3,2,3,2,,PASS
DECIPHER_074,RCCCAYCTAGAGGAGCCTG,TTCTTTCCCMYTCATATGCTACACCT,60.0,61.8,1.8,-0.13,0.0,-4.49,-3.68,-3.25,57.9,38.5,4,3,3,3,gc_rev_out_of_range;gc_clamp_fwd,FLAG
DECIPHER_075,RCCCAYCTAGAGGAGCCTG,RRGCTGACGATGGCGGTATAT,60.0,59.4,0.6,-0.13,-0.38,-4.49,-3.76,-3.42,57.9,47.6,4,0,3,2,gc_clamp_fwd;gc_clamp_rev,FLAG
DECIPHER_076,RCCCAYCTAGAGGAGCCTG,TGGGGTRRGCTGACGATGG,60.0,59.1,0.9,-0.13,0.0,-4.49,-2.91,-4.22,57.9,57.9,4,3,3,4,gc_clamp_fwd,FLAG
DECIPHER_078,RCCCAYCTAGAGGAGCCTG,GGTRRGCTGACGATGGCGGTATAT,60.0,62.4,2.4,-0.13,-0.38,-4.49,-2.91,-3.42,57.9,50.0,4,0,3,2,gc_clamp_fwd;gc_clamp_rev,FLAG
DECIPHER_079,RCCCAYCTAGAGGAGCCTG,GGTRRGCTGACGATGGCG,60.0,58.3,1.7,-0.13,-0.52,-4.49,-2.91,-3.42,57.9,61.1,4,4,3,2,gc_rev_out_of_range;gc_clamp_fwd;gc_clamp_rev,FLAG
DECIPHER_080,RCCCAYCTAGAGGAGCCTG,GGGTRRGCTGACGATGGCG,60.0,60.9,0.9,-0.13,-0.52,-4.49,-2.91,-3.7,57.9,63.2,4,4,3,3,gc_rev_out_of_range;gc_clamp_fwd;gc_clamp_rev,FLAG
DECIPHER_081,RCCCAYCTAGAGGAGCCTG,GGTRRGCTGACGATGGCG,60.0,58.3,1.7,-0.13,-0.52,-4.49,-2.91,-3.42,57.9,61.1,4,4,3,2,gc_rev_out_of_range;gc_clamp_fwd;gc_clamp_rev,FLAG
DECIPHER_082,RCCCAYCTAGAGGAGCCTG,RRGCTGACGATGGCGGTAT,60.0,59.2,0.8,-0.13,-0.38,-4.49,-3.76,-3.42,57.9,52.6,4,2,3,2,gc_clamp_fwd,FLAG
DECIPHER_083,RCCCAYCTAGAGGAGCCTG,RRGCTGACGATGGCGGTA,60.0,58.7,1.3,-0.13,-0.38,-4.49,-3.76,-3.42,57.9,55.6,4,3,3,2,gc_clamp_fwd,FLAG
DECIPHER_084,RCCCAYCTAGAGGAGCCTG,GCTGACGATGGCGGTATATAGGC,60.0,63.1,3.1,-0.13,-0.38,-4.49,-3.76,-4.48,57.9,56.5,4,3,3,2,gc_clamp_fwd,FLAG
DECIPHER_085,RCCCAYCTAGAGGAGCCTG,TYATATGCTACACCTTGACCTAACGT,60.0,61.8,1.8,-0.13,0.0,-4.49,-3.68,-3.25,57.9,38.5,4,2,3,2,gc_rev_out_of_range;gc_clamp_fwd,FLAG
DECIPHER_086,RCCCAYCTAGAGGAGCCTG,CCMYTCATATGCTACACCTTGACCTA,60.0,61.9,1.9,-0.13,0.0,-4.49,-3.68,-3.25,57.9,42.3,4,2,3,2,gc_clamp_fwd,FLAG
DECIPHER_087,RCCCAYCTAGAGGAGCCTG,TTTCCCMYTCATATGCTACACCTTGA,60.0,62.0,2.0,-0.13,0.0,-4.49,-3.68,-3.25,57.9,38.5,4,2,3,3,gc_rev_out_of_range;gc_clamp_fwd,FLAG
DECIPHER_088,RCCCAYCTAGAGGAGCCTG,TCTTTCCCMYTCATATGCTACACCTT,60.0,61.8,1.8,-0.13,0.0,-4.49,-3.68,-3.25,57.9,38.5,4,2,3,3,gc_rev_out_of_range;gc_clamp_fwd,FLAG
DECIPHER_089,RCCCAYCTAGAGGAGCCTG,GGTRRGCTGACGATGGCGGTAT,60.0,62.5,2.5,-0.13,-0.38,-4.49,-2.91,-3.42,57.9,54.5,4,2,3,2,gc_clamp_fwd,FLAG
DECIPHER_090,RCCCAYCTAGAGGAGCCTG,CCCMYTCATATGCTACACCTTGACC,60.0,62.9,2.9,-0.13,0.0,-4.49,-3.68,-3.25,57.9,48.0,4,3,3,3,gc_clamp_fwd,FLAG
DECIPHER_091,RCCCAYCTAGAGGAGCCTG,GGGGTRRGCTGACGATGGC,60.0,60.5,0.5,-0.13,0.0,-4.49,-2.91,-4.22,57.9,63.2,4,3,3,4,gc_rev_out_of_range;gc_clamp_fwd,FLAG
DECIPHER_092,RCCCAYCTAGAGGAGCCTG,GGTRRGCTGACGATGGCGGTATATA,60.0,62.1,2.1,-0.13,-0.38,-4.49,-2.91,-3.42,57.9,48.0,4,0,3,2,gc_clamp_fwd;gc_clamp_rev,FLAG
DECIPHER_093,RCCCAYCTAGAGGAGCCTG,RRGCTGACGATGGCGGTATATAG,60.0,60.1,0.1,-0.13,-0.38,-4.49,-3.76,-3.42,57.9,47.8,4,1,3,2,gc_clamp_fwd,FLAG
DECIPHER_094,RCCCAYCTAGAGGAGCCTG,RRGCTGACGATGGCGGTATATA,60.0,59.2,0.8,-0.13,-0.38,-4.49,-3.76,-3.42,57.9,45.5,4,0,3,2,gc_clamp_fwd;gc_clamp_rev,FLAG
DECIPHER_095,RCCCAYCTAGAGGAGCCTG,RRGCTGACGATGGCGGTATA,60.0,59.0,1.0,-0.13,-0.38,-4.49,-3.76,-3.42,57.9,50.0,4,1,3,2,gc_clamp_fwd,FLAG
DECIPHER_096,RCCCAYCTAGAGGAGCCTG,GGTRRGCTGACGATGGCGGT,60.0,62.6,2.6,-0.13,-0.38,-4.49,-2.91,-3.42,57.9,60.0,4,4,3,2,gc_clamp_fwd;gc_clamp_rev,FLAG
