name,forward,reverse
DECIPHER_001,CCTACGTGATCTGAGTTCAGACCG,YGTKGGCCTTATTTCTCTTGTCCTT
DECIPHER_002,CCTACGTGATCTGAGTTCAGACCG,GYGTKGGCCTTATTTCTCTTGTC
DECIPHER_003,CCTACGTGATCTGAGTTCAGACCG,GYGTKGGCCTTATTTCTCTTGTCC
DECIPHER_004,CCTACGTGATCTGAGTTCAGACCG,GTKGGCCTTATTTCTCTTGTCCTTTC
DECIPHER_005,CCTACGTGATCTGAGTTCAGACCG,GTAGYGTKGGCCTTATTTCTCTTGTC
DECIPHER_006,CCTACGTGATCTGAGTTCAGACCG,GYGTKGGCCTTATTTCTCTTGTCCTT
DECIPHER_007,CCTACGTGATCTGAGTTCAGACCG,YGTKGGCCTTATTTCTCTTGTCC
DECIPHER_008,CCTACGTGATCTGAGTTCAGACCG,GYGTKGGCCTTATTTCTCTTGTCCT
DECIPHER_009,GYCTYCCCGAAATCAAGTGA,AYAACCAGCTATCTTCAAGTTCGGT
DECIPHER_010,GYCTYCCCGAAATCAAGTGA,GGAYAACCAGCTATCTTCAAGTTCG
DECIPHER_011,GYCTYCCCGAAATCAAGTGA,RTGTTTTGGAYAACCAGCTATCTTCA
DECIPHER_012,GYCTYCCCGAAATCAAGTGA,TCTTCAAGTTCGGTWGGCTTTTCA
DECIPHER_013,GYCTYCCCGAAATCAAGTGA,TTCRTGTTTTGGAYAACCAGCT
DECIPHER_014,GYCTYCCCGAAATCAAGTGA,GGAYAACCAGCTATCTTCAAGTTCGG
DECIPHER_015,GYCTYCCCGAAATCAAGTGA,TCRTGTTTTGGAYAACCAGCTATC
DECIPHER_016,GYCTYCCCGAAATCAAGTGA,GAYAACCAGCTATCTTCAAGTTCGG
DECIPHER_017,GYCTYCCCGAAATCAAGTGA,TTGGAYAACCAGCTATCTTCAAGTTC
DECIPHER_018,GGCAAACAMWAACCCCGCCT,GTGATTATGCTACCTTTGCACGGT
DECIPHER_019,GGCAAACAMWAACCCCGCCT,AACCCTCGTKRTGCCATTCATAC
DECIPHER_020,GGCAAACAMWAACCCCGCCT,GTTAAACCCTCGTKRTGCCATTCA
DECIPHER_021,GGCAAACAMWAACCCCGCCT,CCGTTAAAGTTWRACTCACTGGGCAG
DECIPHER_022,GGCAAACAMWAACCCCGCCT,CCCTCGTKRTGCCATTCATAC
DECIPHER_023,GGCAAACAMWAACCCCGCCT,GCTACCTTTGCACGGTCAGGATA
DECIPHER_024,GGCAAACAMWAACCCCGCCT,TGATTATGCTACCTTTGCACGGTC
DECIPHER_025,GGCAAACAMWAACCCCGCCT,CGTKATGCCATTCATACWAGTCTCTA
DECIPHER_026,GGCAAACAMWAACCCCGCCT,RGACAAGTGATTATGCTACCTTTGCA
DECIPHER_027,GGCAAACAMWAACCCCGCCT,GCACGGTCAGGATACCGC
DECIPHER_028,GGCAAACAMWAACCCCGCCT,TGCTACCTTTGCACGGTCAG
DECIPHER_029,GGCAAACAMWAACCCCGCCT,CGTTAAAGTTWRACTCACTGGGCAGG
DECIPHER_030,GGCAAACAMWAACCCCGCCT,ACAAGTGATTATGCTACCTTTGCACG
DECIPHER_031,GGCAAACAMWAACCCCGCCT,ACCCTCGTKRTGCCATTCAT
DECIPHER_032,GGCAAACAMWAACCCCGCCT,ACCCTCGTKRTGCCATTCA
DECIPHER_033,GGCAAACAMWAACCCCGCCT,ACGGTCAGGATACCGCGG
DECIPHER_034,GGCAAACAMWAACCCCGCCT,GTTAAACCCTCGTKRTGCCATTCAT
DECIPHER_035,GGCAAACAMWAACCCCGCCT,GATTATGCTACCTTTGCACGGTCA
DECIPHER_036,GGCAAACAMWAACCCCGCCT,AACCCTCGTKRTGCCATTC
DECIPHER_037,GGCAAACAMWAACCCCGCCT,GCTACCTTTGCACGGTCAGGAT
DECIPHER_038,GGCAAACAMWAACCCCGCCT,GCCGTTAAAGTTWRACTCACTGGG
DECIPHER_039,GGCAAACAMWAACCCCGCCT,CTACCTTTGCACGGTCAGGATAC
DECIPHER_040,GGCAAACAMWAACCCCGCCT,AGTTAAACCCTCGTKRTGCCATTC
DECIPHER_041,GGCAAACAMWAACCCCGCCT,GCTACCTTTGCACGGTCAGG
DECIPHER_042,GGCAAACAMWAACCCCGCCT,GTTAAACCCTCGTKRTGCCATTCATA
DECIPHER_043,GGCAAACAMWAACCCCGCCT,ACCCTCGTKRTGCCATTCATA
DECIPHER_044,ARTACAGCCTATATACCGCCATCG,TCCCMYTCATATGCTACACCTTGAC
DECIPHER_045,ARTACAGCCTATATACCGCCATCG,TTCTTTCCCMYTCATATGCTACACCT
DECIPHER_046,ARTACAGCCTATATACCGCCATCG,CCMYTCATATGCTACACCTTGACCTA
DECIPHER_047,ARTACAGCCTATATACCGCCATCG,TTTCCCMYTCATATGCTACACCTTGA
DECIPHER_048,ARTACAGCCTATATACCGCCATCG,CCCMYTCATATGCTACACCTTGACC
DECIPHER_049,ARTACAGCCTATATACCGCCATCG,TCTTTCCCMYTCATATGCTACACCTT
DECIPHER_050,ARTACAGCCTATATACCGCCATCG,CCCMYTCATATGCTACACCTTGACCT
DECIPHER_051,ARTACAGCCTATATACCGCCATCG,CCMYTCATATGCTACACCTTGACCT
DECIPHER_052,ARTACAGCCTATATACCGCCATCG,TYATATGCTACACCTTGACCTAACGT
DECIPHER_053,CACACACCGCCCGTCAC,ACTCCAAGYGCACYTTCCAGTA
DECIPHER_054,CACACACCGCCCGTCAC,CTCCAAGYGCACYTTCCAGTAC
DECIPHER_055,CACACACCGCCCGTCAC,TGATACTCCAAGYGCACYTTCCAGTA
DECIPHER_056,CACACACCGCCCGTCAC,TCCAAGYGCACYTTCCAGTAC
DECIPHER_057,CACACACCGCCCGTCAC,CTTACCRTGTTACGACTTTTCTCCTC
DECIPHER_058,CACACACCGCCCGTCAC,GATACTCCAAGYGCACYTTCCAGTAC
DECIPHER_059,YYCCCGAAATCAAGTGAGCTACTAT,AYAACCAGCTATCTTCAAGTTCGGT
DECIPHER_060,YYCCCGAAATCAAGTGAGCTACTAT,GGAYAACCAGCTATCTTCAAGTTCG
DECIPHER_061,YYCCCGAAATCAAGTGAGCTACTAT,TCGGTWGGCTTTTCACYTCTACTAT
DECIPHER_062,YYCCCGAAATCAAGTGAGCTACTAT,RTGTTTTGGAYAACCAGCTATCTTCA
DECIPHER_063,YYCCCGAAATCAAGTGAGCTACTAT,TCTTCAAGTTCGGTWGGCTTTTCA
DECIPHER_064,YYCCCGAAATCAAGTGAGCTACTAT,TTCRTGTTTTGGAYAACCAGCT
DECIPHER_065,YYCCCGAAATCAAGTGAGCTACTAT,GGAYAACCAGCTATCTTCAAGTTCGG
DECIPHER_066,YYCCCGAAATCAAGTGAGCTACTAT,TTCGGTWGGCTTTTCACYTCTACTAT
DECIPHER_067,YYCCCGAAATCAAGTGAGCTACTAT,TCRTGTTTTGGAYAACCAGCTATC
DECIPHER_068,YYCCCGAAATCAAGTGAGCTACTAT,GAYAACCAGCTATCTTCAAGTTCGG
DECIPHER_069,YYCCCGAAATCAAGTGAGCTACTAT,TTGGAYAACCAGCTATCTTCAAGTTC
DECIPHER_070,GYAACGGAACAMCCACTAACA,GTGATGTTTTTGGTAAACAGGCGG
DECIPHER_071,GYAACGGAACAMCCACTAACA,TTTTTGGTAAACAGGCGGGGT
DECIPHER_072,GYAACGGAACAMCCACTAACA,TGATGTTTTTGGTAAACAGGCGGG
DECIPHER_073,GYAACGGAACAMCCACTAACA,GGTGATGTTTTTGGTAAACAGGCG
DECIPHER_074,GYAACGGAACAMCCACTAACA,TTTTGGTAAACAGGCGGGGTT
DECIPHER_075,YYCCCGAAATCAAGTGAGCTACTAT,AYAACCAGCTATCTTCAAGTTCGGT
DECIPHER_076,YYCCCGAAATCAAGTGAGCTACTAT,GGAYAACCAGCTATCTTCAAGTTCG
DECIPHER_077,YYCCCGAAATCAAGTGAGCTACTAT,TCGGTWGGCTTTTCACYTCTACTAT
DECIPHER_078,YYCCCGAAATCAAGTGAGCTACTAT,RTGTTTTGGAYAACCAGCTATCTTCA
DECIPHER_079,YYCCCGAAATCAAGTGAGCTACTAT,TCTTCAAGTTCGGTWGGCTTTTCA
DECIPHER_080,YYCCCGAAATCAAGTGAGCTACTAT,TTCRTGTTTTGGAYAACCAGCT
DECIPHER_081,YYCCCGAAATCAAGTGAGCTACTAT,GGAYAACCAGCTATCTTCAAGTTCGG
DECIPHER_082,YYCCCGAAATCAAGTGAGCTACTAT,TTCGGTWGGCTTTTCACYTCTACTAT
DECIPHER_083,YYCCCGAAATCAAGTGAGCTACTAT,TCRTGTTTTGGAYAACCAGCTATC
DECIPHER_084,YYCCCGAAATCAAGTGAGCTACTAT,GAYAACCAGCTATCTTCAAGTTCGG
DECIPHER_085,YYCCCGAAATCAAGTGAGCTACTAT,TTGGAYAACCAGCTATCTTCAAGTTC
DECIPHER_086,CCACGGGMYACAGCAGTGACT,ATCGTATGRCCGCGGTG
DECIPHER_087,CCACGGGMYACAGCAGTGACT,GGTGGCTGGCACGAAATTTACC
DECIPHER_088,CCACGGGMYACAGCAGTGACT,CGTATGRCCGCGGTGGCT
DECIPHER_089,CCACGGGMYACAGCAGTGACT,CGGTGGCTGGCACGAAAT
DECIPHER_090,CCACGGGMYACAGCAGTGACT,CGGTGGCTGGCACGAAA
DECIPHER_091,CCACGGGMYACAGCAGTGACT,TGGCTGGCACGAAATTTACCAA
DECIPHER_092,CCACGGGMYACAGCAGTGACT,ACACRCTTTACGCCGKTTTTCTGT
DECIPHER_093,CCACGGGMYACAGCAGTGACT,CGTATGRCCGCGGTGGC
DECIPHER_094,CCACGGGMYACAGCAGTGACT,AATCGTATGRCCGCGGTGG
DECIPHER_095,CCACGGGMYACAGCAGTGACT,ACRCTTTACGCCGKTTTTCTGT
DECIPHER_096,CCACGGGMYACAGCAGTGACT,ACACRCTTTACGCCGKTTTTCTGTT
DECIPHER_097,CCACGGGMYACAGCAGTGACT,CGGTGGCTGGCACGAAATTT
DECIPHER_098,CCACGGGMYACAGCAGTGACT,ACRCTTTACGCCGKTTTTCTGTT
DECIPHER_099,CCACGGGMYACAGCAGTGACT,CGGTGGCTGGCACGAAATTTA
DECIPHER_100,CCACGGGMYACAGCAGTGACT,ACRCTTTACGCCGKTTTTCTGTT
